{"cameraMode":{"drawMode":0,"name":"Shaded","section":"Shading Mode"},"sceneLighting":true,"audioPlay":false,"sceneViewState":{"showFog":false,"showMaterialUpdate":false,"showSkybox":false,"showFlares":false,"showImageEffects":false,"showParticleSystems":false},"in2DMode":false,"pivot":{"x":100.00100708007813,"y":167.50103759765626,"z":0.0},"rotation":{"x":0.032974373549222949,"y":0.034474391490221027,"z":-0.0011381051735952497,"w":0.9988614320755005},"size":652.021484375,"orthographic":false}